keys,en,zh_CN
Start,Start,开始
Settings,Settings,设置
Exit,Exit,退出
Back,Back,返回
Pause,Pause,暂停
Paused,Paused,已暂停
Continue,Continue,继续
Return to Song List,Return to Song List,返回选曲
Return to Main Menu,Return to Main Menu,返回主菜单
Select a Song,Select a Song,选择歌曲
No song selected.,No song selected.,尚未选择歌曲。
Difficulty: %s,Difficulty: %s,难度：%s
Difficulty: Normal,Difficulty: Normal,难度：普通
Difficulty: -,Difficulty: -,难度：-
Start Song,Start Song,开始演奏
SONG_INFO,"Composer: %s\nLevel: %s\nChart: %s\n%s","作曲者：%s\n等级：%s\n谱面：%s\n%s"
Easy,Easy,简单
Normal,Normal,普通
Hard,Hard,困难
Preparing Song,Preparing Song,正在准备歌曲
Preparing chart,Preparing chart,正在准备谱面
Reading score.midi,Reading score.midi,正在读取 score.midi
Converting MIDI,Converting MIDI,正在转换 MIDI
Building individual piano notes,Building individual piano notes,正在生成钢琴音符
Chart ready,Chart ready,谱面已就绪
%d notes  |  %s,%d notes  |  %s,%d 个音符  |  %s
Unable to prepare chart,Unable to prepare chart,无法准备谱面
Back to Song List,Back to Song List,返回歌曲列表
The selected song or game controller is unavailable.,The selected song or game controller is unavailable.,所选歌曲或游戏控制器不可用。
The MIDI chart contains no notes.,The MIDI chart contains no notes.,MIDI 谱面中没有音符。
The chart was converted but the game could not start.,The chart was converted but the game could not start.,谱面已转换，但游戏无法启动。
Ready,Ready,准备
Score: %d,Score: %d,分数：%d
Score: 0,Score: 0,分数：0
Combo: %d,Combo: %d,连击：%d
Combo: 0,Combo: 0,连击：0
Perfect,Perfect,完美
Great,Great,优秀
Good,Good,良好
Miss,Miss,未命中
Result,Result,结果
Resolution,Resolution,分辨率
Volume,Volume,音量
Language,Language,语言
English,English,English
Chinese,Chinese,中文
Chart Offset,Chart Offset,谱面偏移
Adjust,Adjust,调整
Chart offset tools will be expanded here.,Chart offset tools will be expanded here.,谱面偏移工具将在此处扩展。
Unknown,Unknown,未知
Untitled,Untitled,未命名
MAESTRO audio and MIDI are ready for chart conversion.,MAESTRO audio and MIDI are ready for chart conversion.,MAESTRO 音频与 MIDI 已准备好进行谱面转换。
